temporada,equipo,puesto,PJ,PG,PP,PF,PC,total_min,total_val,total_puntos,total_min_espana,total_puntos_espana,total_val_espana
15-16,FC Barcelona Lassa,1,34,29,5,2835,2384,6841,2255,2835,1516,679,624
15-16,Real Madrid,2,34,29,5,3229,2767,6816,2310,3229,2710,1310,890
15-16,Valencia Basket Club,3,34,28,6,2831,2501,6868,1650,2831,2388,888,642
15-16,Laboral Kutxa Baskonia,4,34,24,10,2987,2703,6841,1420,2987,366,127,55
15-16,Herbalife Gran Canaria,5,34,21,13,2818,2705,6843,565,2818,1975,737,25
15-16,Unicaja,6,34,20,14,2637,2508,6816,645,2637,2282,643,226
15-16,UCAM Murcia CB,7,34,18,16,2683,2663,6842,100,2683,1586,635,-110
15-16,Montakit Fuenlabrada,8,34,17,17,2793,2854,6844,-305,2793,1708,597,-240
15-16,Iberostar Tenerife,9,34,16,18,2610,2708,6817,-490,2610,2332,741,-145
15-16,Dominion Bilbao Basket,10,34,16,18,2647,2726,6892,-395,2647,2141,841,-157
15-16,Baloncesto Sevilla,11,34,14,20,2662,2873,6866,-1055,2662,2182,740,-240
15-16,CAI Zaragoza,12,34,13,21,2719,2777,6893,-290,2719,2208,780,12
15-16,FIATC Joventut,13,34,13,21,2634,2783,6817,-745,2634,3831,1313,-465
15-16,MoraBanc Andorra,14,34,12,22,2744,2827,6900,-402,2747,1397,347,24
15-16,Rio Natura Monbus Obradoiro,15,34,10,24,2564,2685,6890,-605,2564,1762,541,-123
15-16,ICL Manresa,16,34,10,24,2383,2669,6794,-1445,2383,1199,297,-363
15-16,Movistar Estudiantes,17,34,9,25,2564,2789,6843,-1125,2564,4407,1685,-740
15-16,RETAbet.es GBC,18,34,7,27,2477,2895,6792,-2090,2477,3926,1315,-1202
05-06,Unicaja,1,34,26,8,2753,2512,6794,3067,2753,2415,984,1122
05-06,TAU Cer\xe1mica,2,34,25,9,2855,2607,6796,3139,2855,531,167,260
05-06,Winterthur F.C. Barcelona,3,34,24,10,2747,2551,6816,2989,2747,2403,994,1016
05-06,DKV Joventut,4,34,23,11,2834,2645,6792,2927,2834,2401,1068,1141
05-06,Gran Canaria Grupo Dunas,5,34,20,14,2568,2493,6819,2514,2568,1406,421,382
05-06,Real Madrid,6,34,19,15,2640,2485,6869,2689,2640,1320,526,702
05-06,Akasvayu Girona,7,34,18,16,2739,2701,6793,2754,2739,1961,769,843
05-06,Adecco Estudiantes,8,34,17,17,2770,2832,6816,2851,2770,4900,1721,1880
05-06,Pamesa Valencia,9,34,16,18,2638,2693,6793,2481,2638,1180,382,323
05-06,Alta Gesti\xf3n Fuenlabrada,10,34,15,19,2621,2706,6816,2517,2621,3922,1544,1623
05-06,Caja San Fernando,11,34,14,20,2662,2764,6818,2712,2662,2144,594,612
05-06,Etosa Alicante,12,34,14,20,2574,2639,6816,2584,2574,3346,1137,1310
05-06,C.B. Granada,13,34,14,20,2620,2755,6815,2529,2620,3062,1048,963
05-06,F\xf3rum Valladolid,14,34,13,21,2706,2767,6842,2692,2706,2163,664,622
05-06,Lagun Aro Bilbao Basket,15,34,13,21,2534,2672,6793,2479,2534,2053,612,603
05-06,Llanera Menorca,16,34,12,22,2600,2772,6792,2424,2600,2685,971,819
05-06,Ricoh Manresa,17,34,12,22,2599,2722,6820,2555,2599,3784,1305,1320
05-06,Leche R\xedo,18,34,11,23,2580,2724,6867,2246,2580,1812,500,375
95-96,F.C. Barcelona Banca Catalana,1,38,30,8,3399,3077,7642,3563,3399,4353,1551,1550
95-96,Real Madrid,2,38,28,10,3243,2950,7619,3392,3243,3547,1038,1130
95-96,Unicaja,3,38,26,12,3173,2975,7670,3126,3173,4333,1517,1559
95-96,Estudiantes Argentaria,4,38,25,13,3250,3050,7595,3409,3250,4166,1667,1616
95-96,Amway Zaragoza,5,38,25,13,3346,3231,7593,3356,3346,4114,1766,1567
95-96,Tdk Manresa,6,38,24,14,3094,2953,7669,3114,3094,4244,1611,1500
95-96,Caja San Fernando,7,38,23,15,3242,3106,7617,3298,3242,3482,1048,711
95-96,Taugr\xe9s,8,38,21,17,3287,3181,7590,3314,3287,2386,685,560
95-96,Baloncesto Salamanca,9,38,19,19,3032,3078,7643,3010,3032,3893,1112,1020
95-96,C\xe1ceres C.B.,10,38,19,19,3281,3213,7617,3273,3281,3709,1233,1037
95-96,Valvi Girona,11,38,19,19,3147,3089,7643,2954,3147,3840,1218,1011
95-96,Baloncesto Le\xf3n,12,38,18,20,3009,3041,7620,2783,3009,3966,1475,1064
95-96,Joventut Badalona,13,38,17,21,3076,3151,7668,2831,3076,4244,1469,1302
95-96,C.B. Gran Canaria,14,38,16,22,3180,3278,7693,3020,3180,3848,1128,941
95-96,F\xf3rum Valladolid,15,38,15,23,3036,3160,7667,3021,3036,3700,1300,1069
95-96,C.B. Murcia,16,38,15,23,2963,3102,7719,2888,2963,3801,1173,961
95-96,Xacobeo 99 Ourense,17,38,13,25,3044,3301,7593,2697,3044,3639,1018,761
95-96,Festina Andorra,18,38,10,28,3016,3278,7642,2784,3016,4060,1308,1155
95-96,Grupo Agb Huesca,19,38,9,29,3176,3436,7641,2898,3176,3636,1096,737
95-96,Gij\xf3n Baloncesto,20,38,8,30,2893,3237,7618,2677,2893,3801,1196,709
14-15,Real Madrid,1,34,27,7,2903,2640,6816,1315,2903,2735,1337,653
14-15,FC Barcelona,2,34,25,9,2806,2455,6817,1755,2806,794,353,266
14-15,Unicaja,3,34,25,9,2738,2583,6869,775,2738,1325,438,274
14-15,Bilbao Basket,4,34,20,14,2652,2608,6869,220,2652,1578,696,74
14-15,Valencia Basket Club,5,34,20,14,2817,2675,6793,710,2817,2382,934,267
14-15,Laboral Kutxa Baskonia,6,34,19,15,2834,2669,6788,825,2834,769,388,59
14-15,FIATC Joventut,7,34,19,15,2652,2624,6843,138,2652,3453,1119,28
14-15,Herbalife Gran Canaria,8,34,18,16,2638,2636,6817,10,2638,2051,841,63
14-15,CAI Zaragoza,9,34,18,16,2584,2643,6842,-295,2584,1856,416,-168
14-15,UCAM Murcia,10,34,17,17,2621,2660,6820,-195,2621,1741,663,-274
14-15,Iberostar Tenerife,11,34,16,18,2651,2619,6818,160,2651,3024,991,-1
14-15,Rio Natura Monbus Obradoiro,12,34,15,19,2467,2535,6820,-340,2467,2387,810,-173
14-15,Movistar Estudiantes,13,34,14,20,2509,2615,6791,-530,2509,3886,1365,-323
14-15,MoraBanc Andorra,14,34,12,22,2549,2615,6817,-330,2549,2250,758,-121
14-15,Baloncesto Sevilla,15,34,12,22,2539,2743,6842,-1020,2539,2859,1027,-406
14-15,"Or Manresa""]",16,34,11,23,2456,2672,6789,-1080,2456,1786,576,-312
14-15,Gipuzkoa Basket,17,34,10,24,2409,2648,6894,-1197,2409,3561,1241,-754
14-15,Montakit Fuenlabrada,18,34,8,26,2533,2718,6815,-925,2533,2016,452,-331
04-05,TAU Cer\xe1mica,1,34,28,6,3106,2692,6842,3467,3106,1738,696,896
04-05,Real Madrid,2,34,26,8,2720,2457,6791,2785,2720,1655,707,721
04-05,Winterthur F.C. Barcelona,3,34,24,10,2723,2579,6842,2893,2723,2983,1144,1261
04-05,Etosa Alicante,4,34,23,11,2813,2629,6794,2956,2813,4208,1593,1891
04-05,Unicaja,5,34,23,11,2775,2531,6816,2966,2775,3092,1298,1527
04-05,Adecco Estudiantes,6,34,21,13,2915,2773,6895,3111,2915,3915,1505,1786
04-05,DKV Joventut,7,34,20,14,2840,2719,6819,2988,2840,3040,1221,1249
04-05,Gran Canaria,8,34,19,15,2539,2446,6843,2538,2539,2349,792,848
04-05,Pamesa Valencia,9,34,18,16,2950,2893,6916,3082,2950,1928,659,518
04-05,Caja San Fernando,10,34,14,20,2786,2841,6843,2717,2786,1531,476,495
04-05,Leche R\xedo,11,34,13,21,2814,2889,6844,2504,2814,2462,756,807
04-05,F\xf3rum Valladolid,12,34,13,21,2677,2868,6795,2595,2677,3228,996,869
04-05,C.B. Granada,13,34,12,22,2632,2881,6845,2486,2632,3211,1186,1031
04-05,Ricoh Manresa,14,34,12,22,2649,2783,6792,2671,2649,3784,1280,1255
04-05,Lagun Aro Bilbao Basket,15,34,12,22,2634,2801,6917,2540,2634,2678,898,860
04-05,Casademont Girona,16,34,11,23,2786,2996,6894,2694,2786,1118,307,282
04-05,Unelco Tenerife,17,34,9,25,2447,2763,6791,2130,2447,1309,489,375
04-05,Plus Pujol Lleida,18,34,8,26,2667,2932,6841,2529,2667,2946,1135,1049
94-95,F.C. Barcelona Banca Catalana,1,38,30,8,3219,2937,7590,3406,3219,4919,2004,2047
94-95,Unicaja,2,38,25,13,3166,3031,7793,3150,3166,4225,1390,1367
94-95,Taugr\xe9s,3,38,23,15,3291,3170,7768,3527,3291,2415,716,744
94-95,Real Madrid Teka,4,38,23,15,3090,2875,7718,3214,3090,4097,1124,919
94-95,Amway Zaragoza,5,38,23,15,3381,3311,7644,3326,3381,3933,1549,1465
94-95,Tdk Manresa,6,38,21,17,2943,2875,7746,2913,2943,3868,1417,1190
94-95,Estudiantes Caja Postal,7,38,20,18,3201,3129,7692,3405,3201,4421,1729,1664
94-95,Festina Andorra,8,38,20,18,3035,3048,7646,3030,3035,3821,1149,1229
94-95,Baloncesto Le\xf3n,9,38,19,19,2942,2894,7644,2752,2942,4141,1571,1215
94-95,Caja San Fernando,10,38,19,19,3040,3033,7644,3100,3040,3713,1145,1100
94-95,F\xf3rum Valladolid,11,38,19,19,3162,3182,7620,3150,3162,2659,995,899
94-95,C. Baloncesto Murcia,12,38,18,20,3239,3271,7719,3196,3239,3100,877,597
94-95,C\xe1ceres C.B.,13,38,17,21,2970,3043,7719,2792,2970,3932,1261,1011
94-95,7Up Joventut,14,38,17,21,2938,3014,7742,2814,2938,3818,1459,1273
94-95,Coren Orense,15,38,17,21,3018,3125,7595,2695,3018,2758,660,373
94-95,Baloncesto Salamanca,16,38,17,21,2881,2947,7694,2737,2881,4713,1284,1161
94-95,Pamesa Valencia,17,38,15,23,3060,3140,7694,2909,3060,3845,1023,628
94-95,Valvi Girona,18,38,15,23,2886,2967,7641,2648,2886,3605,1117,813
94-95,Somontano Huesca,19,38,12,26,2937,3138,7616,2664,2937,4266,1265,941
94-95,Breog\xe1n Lugo,20,38,10,28,2942,3211,7693,2783,2942,4098,1031,867
13-14,Real Madrid,1,34,32,2,3001,2480,6792,2605,3001,3313,1705,1308
13-14,Valencia Basket Club,2,34,30,4,2930,2554,6816,1880,2930,1960,765,431
13-14,Barcelona,3,34,27,7,2785,2382,6795,2015,2785,1613,591,397
13-14,Unicaja,4,34,23,11,2745,2467,6792,1390,2745,1921,643,381
13-14,Herbalife Gran Canaria,5,34,22,12,2595,2430,6865,825,2595,3198,1156,386
13-14,Laboral Kutxa,6,34,19,15,2777,2702,6842,375,2777,903,341,76
13-14,Cajasol,7,34,18,16,2543,2545,6818,-10,2543,1716,598,-41
13-14,CAI Zaragoza,8,34,18,16,2647,2591,6791,280,2647,1818,521,-33
13-14,FIATC Joventut,9,34,16,18,2655,2658,6871,-15,2655,3030,1022,0
13-14,Gipuzkoa Basket,10,34,16,18,2417,2443,6793,-130,2417,2950,907,-123
13-14,Iberostar Tenerife,11,34,14,20,2644,2739,6841,-475,2644,3214,1051,-372
13-14,Rio Natura Monbus,12,34,13,21,2548,2624,6818,-380,2548,1618,713,-67
13-14,UCAM Murcia,13,34,12,22,2661,2866,6816,-1025,2661,2697,824,-377
13-14,Bilbao Basket,14,34,12,22,2692,2751,6816,-295,2692,2618,1036,-69
13-14,Baloncesto Fuenlabrada,15,34,12,22,2580,2768,6818,-940,2580,2430,727,-333
13-14,Tuenti Movil Estudiantes,16,34,12,22,2569,2682,6891,-565,2569,2535,711,-320
13-14,"Or Manresa""]",17,34,7,27,2464,2888,6840,-2118,2464,2280,716,-749
13-14,Valladolid,18,34,3,31,2392,3075,6793,-3415,2392,1502,330,-690
03-04,TAU Cer\xe1mica,1,34,28,6,2964,2668,6793,3196,2964,1498,500,610
03-04,Pamesa C Valencia,2,34,23,11,2841,2659,6817,2804,2841,1575,544,461
03-04,F.C. Barcelona,3,34,23,11,2606,2462,6793,2810,2606,3553,1254,1214
03-04,Unicaja,4,34,20,14,2621,2623,6843,2533,2621,1260,412,352
03-04,Adecco Estudiantes,5,34,20,14,2750,2642,6793,2749,2750,3657,1393,1570
03-04,Real Madrid,6,34,20,14,2846,2727,6844,2878,2846,2488,1019,917
03-04,Auna G. Canaria,7,34,17,17,2551,2529,6818,2527,2551,2789,887,926
03-04,DKV Joventut,8,34,16,18,2829,2759,6819,2884,2829,3011,1126,1131
03-04,Ricoh Manresa,9,34,16,18,2707,2697,6795,2627,2707,3910,1271,1177
03-04,Unelco Tenerife,10,34,16,18,2651,2715,6820,2644,2651,4042,1436,1311
03-04,F\xf3rum Valladolid,11,34,16,18,2798,2844,6845,2721,2798,3090,1167,1080
03-04,Caja San Fernando,12,34,15,19,2708,2684,6844,2639,2708,1487,473,391
03-04,Casademont Girona,13,34,15,19,2735,2785,6819,2696,2735,1070,395,429
03-04,Etosa Alicante,14,34,14,20,2558,2633,6818,2507,2558,3762,1193,1109
03-04,Leche R\xedo,15,34,14,20,2714,2818,6819,2470,2714,2301,795,638
03-04,Caprabo Lleida,16,34,13,21,2673,2790,6819,2642,2673,3587,1346,1203
03-04,Jabones Pardo Fuenlabrada,17,34,13,21,2704,2932,6820,2543,2704,4082,1378,1370
03-04,Polaris World CB Murcia,18,34,7,27,2565,2854,6817,2420,2565,2750,832,744
93-94,Real Madrid Teka,1,28,24,4,2473,2164,5668,2784,2473,2799,997,1061
93-94,F.C. Barcelona Banca Catalana,2,28,21,7,2453,2314,5667,2552,2453,3306,1272,1326
93-94,Tdk Manresa,3,28,19,9,2219,2207,5619,2347,2219,2895,1018,870
93-94,7Up Joventut,4,28,18,10,2304,2071,5594,2391,2304,3475,1385,1282
93-94,Festina Andorra,5,28,18,10,2392,2223,5619,2656,2392,2788,870,1034
93-94,Estudiantes Caja Postal,6,28,17,11,2249,2155,5643,2367,2249,3582,1377,1395
93-94,Taugr\xe9s,7,28,16,12,2377,2289,5666,2483,2377,2195,678,746
93-94,C\xe1ceres C.B.,8,28,15,13,2331,2328,5620,2222,2331,3058,1028,869
93-94,Caja San Fernando,9,28,14,14,2362,2356,5643,2387,2362,2559,794,770
93-94,Pamesa Valencia,10,28,14,14,2276,2337,5617,2132,2276,2274,577,515
93-94,Elmar Le\xf3n,11,28,13,15,2360,2390,5643,2425,2360,2790,1136,921
93-94,Unicaja Polti,12,28,12,16,2256,2285,5670,2210,2256,3166,1104,1023
93-94,Coren Orense,13,28,12,16,2119,2212,5644,2044,2119,1497,366,245
93-94,Banco Natwest Zaragoza,14,28,11,17,2283,2371,5639,2302,2283,2944,904,783
93-94,C. Baloncesto Oar,15,28,11,17,2126,2134,5644,2020,2126,3147,814,654
93-94,Dyc Lugo,16,28,10,18,2092,2238,5594,1934,2092,3153,974,865
93-94,F\xf3rum Valladolid,17,28,9,19,2395,2504,5646,2370,2395,2480,741,739
93-94,Argal Huesca,18,28,9,19,2327,2456,5667,2265,2327,3160,1037,905
93-94,Valvi Girona,19,28,9,19,2204,2371,5718,2063,2204,2627,948,725
93-94,C.B. Murcia,20,28,8,20,2108,2301,5642,1976,2108,2622,757,473
12-13,Real Madrid,1,34,30,4,2985,2563,6819,2100,2985,3249,1534,1142
12-13,Caja Laboral,2,34,25,9,2815,2695,6842,600,2815,1135,455,130
12-13,Regal FC Barcelona,3,34,23,11,2693,2436,6842,1285,2693,1679,522,306
12-13,Valencia Basket Club,4,34,22,12,2764,2579,6816,925,2764,2144,739,285
12-13,CAI Zaragoza,5,34,21,13,2692,2460,6818,1160,2692,1802,602,344
12-13,Herbalife Gran Canaria,6,34,19,15,2491,2416,6817,375,2491,2211,596,100
12-13,Gescrap Bizkaia,7,34,19,15,2762,2665,6843,485,2762,2100,790,265
12-13,Blusens Monbus,8,34,18,16,2556,2507,6818,245,2556,1358,642,46
12-13,Unicaja,9,34,18,16,2481,2475,6791,30,2481,2085,703,6
12-13,CB Canarias,10,34,17,17,2746,2806,6818,-300,2746,3012,1078,-253
12-13,FIATC Joventut,11,34,16,18,2653,2738,6818,-425,2653,2915,1009,-92
12-13,Asefa Estudiantes,12,34,15,19,2712,2704,6791,40,2712,547,141,48
12-13,UCAM Murcia,13,34,13,21,2691,2888,6869,-985,2691,2896,1046,-348
12-13,Mad-Croc Fuenlabrada,14,34,12,22,2530,2695,6819,-825,2530,1937,485,-402
12-13,Cajasol,15,34,12,22,2448,2606,6791,-790,2448,1364,392,-108
12-13,Blancos de Rueda Valladolid,16,34,12,22,2644,2838,6866,-970,2644,3056,1142,-497
12-13,Lagun Aro GBC,17,34,8,26,2492,2750,6818,-1290,2492,2602,921,-557
12-13,Assignia Manresa,18,34,6,28,2574,2908,6865,-1670,2574,2704,801,-667
02-03,F.C. Barcelona,1,34,27,7,2792,2588,6895,2941,2792,3556,1310,1412
02-03,Pamesa Valencia,2,34,26,8,2815,2524,6841,3023,2815,2516,991,891
02-03,Unicaja,3,34,24,10,2663,2567,6819,2562,2663,1496,511,408
02-03,Adecco Estudiantes,4,34,23,11,2870,2605,6870,2948,2870,3689,1481,1758
02-03,Auna,5,34,21,13,2834,2713,6845,2808,2834,2341,841,817
02-03,TAU Cer\xe1mica,6,34,18,16,2763,2665,6891,2763,2763,1115,347,414
02-03,DKV Joventut,7,34,18,16,2849,2753,6895,2886,2849,3104,1223,1265
02-03,Lucentum Alicante,8,34,18,16,2745,2716,6791,2767,2745,2146,820,744
02-03,Leche Rio Breogan,9,34,17,17,2769,2830,6893,2690,2769,3161,1191,1132
02-03,Real Madrid,10,34,17,17,2667,2608,6843,2607,2667,3409,1306,1227
02-03,Caprabo Lleida,11,34,16,18,2730,2819,6842,2612,2730,3217,1291,1119
02-03,Caja San Fernando,12,34,16,18,2722,2687,6794,2679,2722,2399,798,798
02-03,Ricoh Manresa,13,34,15,19,2692,2757,6891,2537,2692,4437,1605,1484
02-03,Jabones Pardo Fuenlabrada,14,34,14,20,2740,2881,6843,2564,2740,3694,1164,937
02-03,Casademont Girona,15,34,12,22,2623,2790,6867,2663,2623,1786,664,636
02-03,F\xf3rum Valladolid,16,34,11,23,2625,2789,6818,2448,2625,3466,1292,1118
02-03,Caceres Cb,17,34,8,26,2683,2930,6817,2442,2683,3162,1062,964
02-03,C.B. Granada,18,34,5,29,2584,2944,6818,2248,2584,3970,1320,1230
92-93,Real Madrid Teka,1,31,25,6,2531,2287,6220,2867,2531,2615,743,837
92-93,Marbella Joventut,2,31,24,7,2621,2332,6246,2924,2621,3392,1472,1437
92-93,F.C. Barcelona Banca Catalana,3,31,23,8,2670,2485,6192,2843,2670,3494,1387,1263
92-93,Estudiantes Caja Postal,4,31,21,10,2510,2403,6219,2801,2510,3680,1323,1495
92-93,Caja San Fernando,5,31,19,12,2641,2473,6245,2973,2641,2710,774,945
92-93,Unicaja Mayoral,6,31,19,12,2481,2484,6242,2420,2481,3185,902,818
92-93,Valencia Basket,7,31,18,13,2454,2451,6195,2581,2454,2493,612,683
92-93,Elos\xfaa Le\xf3n,8,31,17,14,2683,2557,6244,2886,2683,2907,1203,1111
92-93,Taugr\xe9s,9,31,17,14,2610,2540,6217,2918,2610,1949,540,708
92-93,Banco Natwest Zaragoza,10,31,16,15,2310,2310,6194,2532,2310,3486,1211,1297
92-93,Coren Orense,11,31,15,16,2450,2476,6221,2453,2450,2723,731,460
92-93,Festina Andorra,12,31,15,16,2345,2349,6219,2476,2345,2926,830,893
92-93,Tdk Manresa,13,31,15,16,2416,2489,6196,2651,2416,2849,801,718
92-93,Bfi Granollers,14,31,13,18,2483,2554,6193,2544,2483,3186,1084,1007
92-93,Oar Pescanova Ferrol,15,31,12,19,2307,2483,5993,2137,2309,3602,1063,916
92-93,Valvi Girona,16,31,12,19,2458,2550,6243,2385,2458,2738,983,749
92-93,Dyc Breog\xe1n,17,31,12,19,2591,2619,6243,2573,2591,2835,715,492
92-93,Grupo Libro Valladolid,18,31,11,20,2412,2542,6267,2517,2412,1332,288,340
92-93,Argal Huesca,19,31,11,20,2488,2574,6193,2460,2488,3296,1075,876
92-93,Club Basket Ferrys Lliria,20,31,10,21,2417,2545,6067,2236,2417,2670,867,566
92-93,C\xe1ceres C.B.,21,31,9,22,2365,2470,6195,2277,2365,3138,879,553
92-93,C.B. Juver Murcia,22,31,7,24,2260,2530,6214,2115,2260,3194,962,783
11-12,Regal FC Barcelona,1,34,29,5,2639,2232,6871,2035,2639,2082,769,602
11-12,Real Madrid,2,34,26,8,2829,2513,6794,1580,2829,2950,1188,770
11-12,Caja Laboral,3,34,23,11,2545,2384,6819,805,2545,1350,433,174
11-12,Valencia Basket,4,34,20,14,2531,2401,6817,650,2531,2058,673,170
11-12,Gescrap Bizkaia,5,34,19,15,2642,2615,6867,135,2642,1871,723,92
11-12,Lagun Aro GBC,6,34,19,15,2664,2578,6843,430,2664,2706,946,282
11-12,Cajasol Banca Civica,7,34,18,16,2523,2460,6892,315,2523,2115,670,36
11-12,Lucentum Alicante,8,34,18,16,2352,2439,6841,-435,2352,1276,393,-109
11-12,Unicaja,9,34,17,17,2509,2562,6816,-265,2509,1660,455,43
11-12,FIATC Mutua Joventut,10,34,16,18,2493,2562,6866,-345,2493,1542,413,-223
11-12,CAI Zaragoza,11,34,16,18,2404,2454,6891,-250,2404,2259,706,-98
11-12,Assignia Manresa,12,34,15,19,2497,2559,6791,-310,2497,1930,379,-207
11-12,Blusens Monbus,13,34,13,21,2405,2481,6844,-380,2405,1261,532,24
11-12,Gran Canaria 2014,14,34,13,21,2268,2395,6868,-635,2268,2661,702,-141
11-12,UCAM Murcia,15,34,13,21,2439,2512,6818,-365,2439,2869,870,-244
11-12,Mad-Croc Fuenlabrada,16,34,12,22,2414,2585,6867,-855,2414,2965,832,-406
11-12,Asefa Estudiantes,17,34,11,23,2394,2573,6816,-895,2394,1612,416,-128
11-12,Blancos de Rueda Valladolid,18,34,8,26,2349,2592,6841,-1215,2349,2439,712,-466
01-02,Unicaja,1,34,27,7,2782,2455,6868,2847,2782,2102,735,576
01-02,F.C. Barcelona,2,34,27,7,2960,2687,6792,3168,2960,2792,984,1191
01-02,TAU Cer\xe1mica,3,34,24,10,2764,2429,6792,2943,2844,790,207,208
01-02,Real Madrid,4,34,24,10,2818,2577,6891,3036,2818,3103,1237,1288
01-02,Pamesa Valencia,5,34,21,13,2681,2534,6893,2846,2681,3287,1197,1231
01-02,Adecco Estudiantes,6,34,20,14,2933,2771,6844,2967,2933,4243,1691,1904
01-02,Jabones Pardo Fuenlabrada,7,34,19,15,2675,2709,6843,2434,2675,4627,1553,1416
01-02,Caprabo Lleida,8,34,19,15,2764,2745,6843,2725,2764,3489,1275,1036
01-02,DKV Joventut,9,34,18,16,2858,2824,6792,3048,2858,2414,843,851
01-02,F\xf3rum Valladolid,10,34,17,17,2753,2738,6844,2713,2753,4816,1774,1544
01-02,Casademont Girona,11,34,17,17,2587,2671,6794,2396,2587,3703,1136,943
01-02,Caja San Fernando,12,34,14,20,2608,2613,6817,2339,2608,2062,662,653
01-02,Leche R\xedo Breog\xe1n,13,34,13,21,2530,2731,6791,2246,2530,3359,1044,709
01-02,C.B. Granada,14,34,12,22,2809,2943,6817,2594,2809,4549,1505,1485
01-02,C\xe1ceres C.B.,15,34,11,23,2655,2933,6818,2395,2655,3033,1136,829
01-02,Canarias Telecom,16,34,10,24,2560,2786,6790,2364,2631,1888,609,627
01-02,Cantabria Lobos,17,34,7,27,2623,2942,6793,2299,2623,3656,1268,1071
01-02,Gij\xf3n Baloncesto,18,34,6,28,2564,2836,6841,2202,2564,4325,1469,1126
91-92,Montigal\xe1 Joventut,1,34,26,8,2885,2522,6867,3293,2885,4128,1738,1646
91-92,Elos\xfaa Le\xf3n,2,34,25,9,2760,2558,6843,3009,2760,4488,1629,1578
91-92,CAI Zaragoza,3,34,25,9,2760,2462,6795,3190,2760,4605,1947,2078
91-92,Real Madrid Asegurator,4,34,24,10,2902,2656,6844,3120,2902,3996,1419,1592
91-92,Estudiantes Caja Postal,5,34,24,10,2828,2660,6818,3134,2828,4430,1654,1793
91-92,F.C. Barcelona,6,34,24,10,2745,2517,6792,2963,2745,4687,1823,1768
91-92,Taugr\xe9s,7,34,24,10,2759,2565,6818,3119,2759,3146,866,983
91-92,F\xf3rum Filat\xe9lico Valaldolid,8,34,21,13,2755,2588,6818,3062,2755,2755,726,741
91-92,Pamesa Valencia,9,34,18,16,2640,2595,6919,2828,2640,3544,920,1026
91-92,Huesca La Magia,10,34,18,16,2709,2756,6820,2768,2709,4457,1297,1207
91-92,Oar Ferrol,11,34,17,17,2600,2616,6793,2556,2600,4518,1464,1296
91-92,Juver Murcia,12,34,16,18,2680,2715,6820,2659,2680,4286,1364,1161
91-92,Valvi Girona,13,34,16,18,2668,2671,6821,2692,2668,3668,1034,963
91-92,Granollers E.B.,14,34,16,18,2769,2749,6893,2882,2769,4520,1594,1524
91-92,Tdk Manresa,15,34,15,19,2546,2540,6843,2633,2546,4435,1522,1217
91-92,Caja San Fernando,16,34,14,20,2588,2704,6845,2538,2588,4415,1313,1085
91-92,Unicaja Ronda,17,34,13,21,2455,2527,6816,2457,2455,4525,1510,1504
91-92,Mayoral Maristas,18,34,12,22,2698,2847,6794,2492,2698,4586,1373,1156
91-92,Dyc Breog\xe1n,19,34,12,22,2563,2655,6818,2497,2563,4320,1317,1014
91-92,Ferrys Lliria,20,34,11,23,2440,2676,6793,2252,2440,4445,1343,899
91-92,Gran Canaria,21,34,10,24,2413,2656,6844,2114,2412,4280,1135,746
91-92,Coren Orense,22,34,10,24,2433,2775,6794,2331,2433,4462,1408,1138
91-92,Granada,23,34,9,25,2581,2805,6869,2543,2581,4310,1150,996
91-92,C.B. Collado Villalba,24,34,8,26,2578,2940,6817,2361,2578,4627,1192,898
10-11,Regal FC Barcelona,1,34,27,7,2614,2245,6868,2852,2614,3185,1122,1405
10-11,Real Madrid,2,34,26,8,2629,2401,6867,2922,2629,3321,1291,1439
10-11,Power Electronics Valencia,3,34,24,10,2570,2414,6791,2701,2570,1979,850,821
10-11,Caja Laboral,4,34,23,11,2693,2509,6794,2915,2693,1618,584,780
10-11,Gran Canaria 2014,5,34,21,13,2560,2450,6840,2613,2560,1963,545,702
10-11,Bizkaia Bilbao Basket,6,34,21,13,2643,2514,6892,2628,2643,1528,526,581
10-11,Baloncesto Fuenlabrada,7,34,20,14,2611,2580,6793,2749,2611,2300,712,560
10-11,Unicaja,8,34,19,15,2582,2461,6814,2634,2582,2570,770,866
10-11,Blancos de Rueda Valladolid,9,34,18,16,2465,2462,6818,2551,2465,1151,394,287
10-11,CAI Zaragoza,10,34,16,18,2551,2641,6818,2634,2551,1954,715,792
10-11,Cajasol,11,34,16,18,2513,2499,6819,2454,2513,1879,669,594
10-11,Asefa Estudiantes,12,34,16,18,2476,2540,6792,2463,2476,1399,398,439
10-11,DKV Joventut,13,34,14,20,2586,2827,6791,2468,2586,2365,713,843
10-11,Lagun Aro GBC,14,34,12,22,2510,2594,6843,2353,2510,3374,1102,1090
10-11,Assignia Manresa,15,34,10,24,2222,2428,6818,2038,2222,3780,1153,1092
10-11,Meridiano Alicante,16,34,9,25,2348,2461,6819,2144,2348,1805,377,427
10-11,Menorca Basquet,17,34,7,27,2325,2596,6844,2120,2325,1439,358,177
10-11,C.B. Granada,18,34,7,27,2351,2627,6794,2190,2351,1220,310,259
00-01,F.C. Barcelona,1,34,29,5,3055,2613,6866,3356,3055,3046,1366,1688
00-01,Real Madrid,2,34,27,7,2788,2519,6817,3003,2788,3342,1375,1379
00-01,TAU Cer\xe1mica,3,34,27,7,2888,2452,6820,3120,2888,490,162,163
00-01,Unicaja,4,34,27,7,2883,2582,6818,3014,2883,1873,714,589
00-01,Pamesa Valencia,5,34,22,12,2760,2622,6818,3019,2760,4023,1366,1374
00-01,Adecco Estudiantes,6,34,21,13,2767,2698,6819,2736,2767,4289,1671,1899
00-01,Jabones Pardo Fuenlabrada,7,34,20,14,2752,2669,6845,2738,2752,4045,1430,1430
00-01,F\xf3rum Valladolid C.B.,8,34,16,18,2759,2795,6846,2678,2759,4871,1775,1477
00-01,Casademont Girona,9,34,15,19,2733,2797,6919,2747,2733,2917,912,905
00-01,C\xe1ceres C.B.,10,34,14,20,2650,2732,6843,2523,2650,4289,1741,1454
00-01,Breog\xe1n Universidade,11,34,13,21,2669,2722,6794,2523,2669,4237,1486,1184
00-01,Caja San Fernando,12,34,13,21,2605,2642,6867,2526,2605,2610,837,784
00-01,Canarias Telecom,13,34,12,22,2591,2808,6794,2471,2591,3157,1061,836
00-01,Joventut Badalona,14,34,11,23,2692,2820,6869,2635,2692,3372,1285,1186
00-01,Gij\xf3n Baloncesto,15,34,11,23,2643,2823,6819,2706,2643,3343,1142,1008
00-01,Cantabria Lobos,16,34,10,24,2484,2894,6841,2182,2484,4526,1416,1061
00-01,Proaguas Costablanca,17,34,9,25,2554,2846,6844,2353,2554,3111,1131,887
00-01,C. Ourense Baloncesto,18,34,9,25,2630,2869,6893,2446,2630,4066,1404,1165
90-91,Montigal\xe1 Joventut,1,34,30,4,3091,2550,6843,3451,3091,4381,1945,2006
90-91,F.C. Barcelona,2,34,26,8,2819,2443,6843,3073,2819,4147,1626,1578
90-91,Estudiantes Caja Postal,3,34,25,9,2862,2637,6884,3179,2862,4525,1683,1835
90-91,Real Madrid Otaysa,4,34,24,10,2745,2575,6846,3081,2745,3926,1474,1546
90-91,Taugr\xe9s,5,34,21,13,2796,2669,6795,2993,2796,2011,437,536
90-91,CAI Zaragoza,6,34,20,14,3135,2929,6869,3220,3135,4563,1589,1661
90-91,F\xf3rum Valladolid,7,34,20,14,2722,2695,6862,2754,2722,3240,1016,879
90-91,Valvi Girona,8,34,18,16,2695,2668,6832,2636,2695,3907,1160,994
90-91,Atl\xe9tico Madrid Villalba,9,34,17,17,2648,2744,6844,2583,2648,4521,1092,836
90-91,Mayoral Maristas,10,34,16,18,2665,2658,6846,2655,2665,4470,1231,1141
90-91,Huesca La Magia,11,34,16,18,2648,2612,6839,2586,2648,4475,1285,1119
90-91,Caja Ronda,12,34,15,19,2435,2534,6819,2397,2435,4466,1236,1049
90-91,Caixa Ourense,13,34,15,19,2749,2984,6818,2646,2749,4334,1430,1203
90-91,Pamesa Valencia,14,34,15,19,2615,2628,6818,2788,2615,3644,1150,1071
90-91,Tdk Manresa,15,34,15,19,2625,2751,6870,2740,2625,4370,1363,951
90-91,Dyc Breog\xe1n,16,34,15,19,2550,2669,6818,2392,2550,4325,1222,894
90-91,Caja San Fernando,17,34,15,19,2759,2812,6844,2735,2759,4329,1424,1174
90-91,Zumos Juver Murcia,18,34,15,19,2696,2746,6842,2680,2696,4390,1407,1258
90-91,Grupo Ifa Granollers,19,34,14,20,2712,2819,6792,2674,2712,4769,1813,1717
90-91,C.B. Elos\xfaa Le\xf3n,20,34,13,21,2853,2847,6944,2733,2853,4414,1439,1209
90-91,Cajabilbao,21,34,12,22,2782,2911,6910,2709,2782,4440,1314,1154
90-91,Oar Ferrol,22,34,12,22,2565,2686,6818,2588,2565,4482,1420,1237
90-91,Cajacanarias,23,34,10,24,2820,3055,6795,2345,2820,4282,1362,815
90-91,Puleva Baloncesto Granada,24,34,9,25,2534,2899,6844,2264,2534,4437,1393,1013
09-10,Regal FC Barcelona,1,34,31,3,2736,2202,6818,3234,2736,3389,1333,1698
09-10,Caja Laboral,2,34,27,7,2734,2484,6791,2956,2734,1800,608,706
09-10,Real Madrid,3,34,27,7,2762,2442,6894,3039,2762,2067,798,914
09-10,Power Electronics Valencia,4,34,23,11,2637,2563,6793,2753,2637,2145,845,945
09-10,Cajasol,5,34,19,15,2406,2334,6817,2347,2406,1979,673,734
09-10,Unicaja,6,34,19,15,2721,2545,6812,2868,2721,2133,724,920
09-10,Asefa Estudiantes,7,34,19,15,2672,2621,6868,2726,2672,1990,633,885
09-10,Gran Canaria 2014,8,34,17,17,2560,2544,6818,2545,2560,615,130,122
09-10,Bizkaia Bilbao Basket,9,34,16,18,2538,2551,6792,2526,2538,2498,869,826
09-10,DKV Joventut,10,34,15,19,2639,2712,6817,2634,2639,2279,712,857
09-10,CB Granada,11,34,15,19,2622,2690,6818,2682,2622,1079,346,340
09-10,Suzuki Manresa,12,34,14,20,2440,2563,6843,2306,2440,3869,1325,1166
09-10,Blancos de Rueda Valladolid,13,34,13,21,2484,2631,6844,2467,2484,1006,288,284
09-10,Lagun Aro GBC,14,34,13,21,2500,2667,6818,2478,2500,2864,960,1052
09-10,Meridiano Alicante,15,34,13,21,2563,2696,6794,2449,2563,2466,790,738
09-10,Ayuda en Acci\xf3n Fuenlabrada,16,34,12,22,2549,2733,6792,2341,2549,1337,333,250
09-10,Xacobeo Blu:sens,17,34,8,26,2520,2814,6841,2272,2520,1310,324,228
09-10,CB Murcia,18,34,5,29,2499,2790,6841,2273,2499,1589,454,343
99-00,F.C. Barcelona,1,34,26,8,2545,2234,6793,2702,2545,3236,1064,1280
99-00,Real Madrid Teka,2,34,23,11,2561,2335,6791,2815,2561,3451,1319,1337
99-00,Adecco Estudiantes,3,34,23,11,2507,2376,6817,2508,2507,4950,1743,1773
99-00,Caja San Fernando,4,34,22,12,2402,2297,6920,2427,2402,2821,812,754
99-00,Tau Cer\xe1mica,5,34,21,13,2696,2500,6817,2927,2696,2405,909,913
99-00,Pamesa Valencia,6,34,20,14,2703,2528,6794,3000,2703,3643,1331,1356
99-00,Canarias Telecom,7,34,19,15,2435,2479,6893,2484,2435,2998,895,871
99-00,Unicaja,8,34,19,15,2412,2370,6845,2460,2412,2291,715,604
99-00,C\xe1ceres C.B.,9,34,17,17,2450,2467,6841,2496,2450,4318,1280,1172
99-00,Casademont Girona,10,34,16,18,2523,2473,6820,2616,2523,2840,835,827
99-00,Pinturas Bruguer Badalona,11,34,16,18,2640,2650,6816,2653,2640,4143,1510,1540
99-00,F\xf3rum Valladolid,12,34,15,19,2342,2444,6818,2193,2342,4554,1494,1335
99-00,Breog\xe1n Universidade,13,34,15,19,2432,2522,6792,2398,2432,4141,1380,1236
99-00,Jabones Pardo Fuenlabrada,14,34,11,23,2471,2563,6871,2369,2471,3624,1059,924
99-00,Cantabria Lobos,15,34,11,23,2345,2619,6791,2146,2345,2483,674,534
99-00,Cabitel Gij\xf3n B.,16,34,11,23,2332,2570,6819,2020,2332,4460,1244,893
99-00,Tdk Manresa,17,34,11,23,2336,2487,6817,2308,2336,4048,1346,1149
99-00,B. Le\xf3n Caja Espa\xf1a,18,34,10,24,2296,2514,6815,1998,2296,3986,1209,1067
08-09,TAU Cer\xe1mica,1,32,28,4,2865,2464,6417,3185,2865,1216,438,570
08-09,Regal FC Barcelona,2,32,26,6,2601,2278,6518,2941,2601,2727,1179,1478
08-09,Unicaja,3,32,24,8,2668,2325,6444,2974,2668,1604,540,734
08-09,Real Madrid,4,32,23,9,2690,2528,6491,2801,2690,2723,1174,1355
08-09,DKV Joventut,5,32,22,10,2647,2525,6390,2752,2647,2544,939,1128
08-09,Kalise Gran Canaria,6,32,20,12,2566,2487,6468,2745,2566,728,162,390
08-09,Pamesa Valencia,7,32,16,16,2452,2416,6395,2374,2452,2385,865,928
08-09,iurbentia Bilbao Basket,8,32,15,17,2451,2492,6395,2315,2451,2061,740,685
08-09,ALTA GESTI\xd3N Fuenlabrada,9,32,15,17,2669,2639,6417,2624,2669,2282,933,894
08-09,Ricoh Manresa,10,32,14,18,2382,2503,6495,2429,2382,4385,1409,1566
08-09,C.B. Granada,11,32,12,20,2369,2516,6418,2411,2369,1358,418,366
08-09,Bruesa GBC,12,32,11,21,2448,2589,6494,2360,2448,2743,1006,879
08-09,MMT Estudiantes,13,32,11,21,2473,2586,6441,2412,2473,1995,668,807
08-09,Cajasol,14,32,10,22,2429,2641,6514,2322,2429,2231,636,687
08-09,Club Baloncesto Murcia,15,32,9,23,2347,2636,6419,2318,2347,1766,564,578
08-09,CAI Zaragoza,16,32,8,24,2383,2615,6416,2285,2383,1053,245,259
08-09,ViveMenorca,17,32,8,24,2281,2481,6391,2092,2281,1406,433,319
98-99,F.C. Barcelona,1,34,26,8,2885,2543,6820,3205,2885,3667,1296,1494
98-99,Real Madrid Teka,2,34,26,8,2768,2524,6844,2984,2768,3747,1473,1421
98-99,Caja San Fernando,3,34,25,9,2488,2366,6792,2585,2488,2146,613,573
98-99,Tau Cer\xe1mica,4,34,24,10,2712,2576,6893,2878,2712,1424,471,500
98-99,Adecco Estudiantes,5,34,21,13,2791,2652,6818,2859,2791,4716,1783,1846
98-99,Pamesa Cer\xe1mica,6,34,18,16,2600,2565,6843,2596,2600,3633,1227,1036
98-99,Baloncesto Fuenlabrada,7,34,18,16,2758,2719,6844,2727,2758,3678,1194,1020
98-99,Girona Gavis,8,34,18,16,2696,2692,6795,2670,2696,3420,1203,1130
98-99,Unicaja,9,34,18,16,2577,2532,6867,2573,2577,3444,994,934
98-99,Pinturas Bruguer Badalona,10,34,18,16,2666,2565,6865,2740,2666,3475,1134,1157
98-99,Tdk Manresa,11,34,16,18,2532,2545,6818,2706,2532,3499,1080,1028
98-99,C\xe1ceres C.B.,12,34,14,20,2566,2613,6867,2550,2566,4137,1456,1328
98-99,F\xf3rum Valladolid,13,34,13,21,2574,2625,6867,2490,2574,3729,1112,1059
98-99,Le\xf3n Caja Espa\xf1a,14,34,13,21,2478,2699,6794,2355,2478,3235,935,709
98-99,C.B. Gran Canaria,15,34,13,21,2506,2585,6820,2454,2506,2403,799,668
98-99,Lobos Caja Cantabria,16,34,13,21,2724,2891,6818,2660,2724,3209,925,836
98-99,Covir\xe1n Cervezas Alhambra,17,34,8,26,2436,2730,6867,2285,2436,3511,1031,851
98-99,Recreativos Orenes Murcia,18,34,4,30,2517,2852,6841,2232,2517,3384,1057,766
07-08,Real Madrid,1,34,29,5,2862,2572,6794,3101,2862,2549,1125,1300
07-08,DKV Joventut,2,34,25,9,2980,2650,6792,3253,2980,3404,1580,1896
07-08,AXA F.C. Barcelona,3,34,24,10,2617,2524,6869,2724,2617,1917,732,833
07-08,TAU Cer\xe1mica,4,34,22,12,2867,2604,6844,3026,2867,780,263,284
07-08,Pamesa Valencia,5,34,22,12,2706,2520,6814,2778,2706,2080,761,785
07-08,iurbentia Bilbao Basket,6,34,21,13,2597,2507,6816,2619,2597,1310,529,482
07-08,Akasvayu Girona,7,34,21,13,2726,2685,6819,2957,2726,3343,1351,1861
07-08,Unicaja,8,34,17,17,2721,2648,6867,2837,2721,2214,680,830
07-08,Gran Canaria Grupo Dunas,9,34,16,18,2682,2689,6845,2658,2682,1661,571,652
07-08,Cajasol,10,34,14,20,2701,2764,6845,2604,2701,1634,549,456
07-08,Ricoh Manresa,11,34,14,20,2715,2817,6820,2698,2715,4488,1554,1708
07-08,Alta Gesti\xf3n Fuenlabrada,12,34,13,21,2542,2671,6843,2461,2542,3574,1270,1220
07-08,Polaris World CB Murcia,13,34,13,21,2491,2634,6819,2476,2491,1746,634,775
07-08,MMT Estudiantes,14,34,12,22,2561,2694,6795,2379,2561,2116,799,763
07-08,C.B. Granada,15,34,12,22,2629,2761,6842,2609,2629,1013,315,274
07-08,ViveMenorca,16,34,12,22,2567,2755,6819,2383,2567,1613,445,331
07-08,Grupo Capitol Valladolid,17,34,11,23,2685,2887,6845,2499,2685,2224,627,599
07-08,Grupo Begar Le\xf3n,18,34,8,26,2571,2838,6843,2508,2571,2424,807,745
97-98,Tau Cer\xe1mica,1,34,27,7,2906,2627,6867,3046,2906,2110,736,769
97-98,Real Madrid Teka,2,34,25,9,2782,2507,6815,3002,2782,3616,1314,1246
97-98,Adecco Estudiantes,3,34,24,10,2889,2651,6794,3022,2889,3789,1311,1399
97-98,Festina Joventut,4,34,24,10,3068,2889,6817,3167,3068,2768,1002,885
97-98,F.C. Barcelona Banca Catalana,5,34,21,13,2894,2760,6792,2960,2894,3806,1451,1471
97-98,Tdk Manresa,6,34,21,13,2728,2593,6818,2953,2728,3471,1209,1189
97-98,Unicaja,7,34,20,14,2703,2607,6791,2689,2703,3071,896,860
97-98,Pamesa Valencia,8,34,20,14,2692,2635,6841,2800,2692,2730,1049,984
97-98,F\xf3rum Valladolid,9,34,16,18,2709,2816,6868,2548,2709,3323,1005,866
97-98,C.B. Gran Canaria,10,34,15,19,2833,2838,6793,2854,2833,2508,805,572
97-98,Le\xf3n Caja Espa\xf1a,11,34,14,20,2646,2811,6791,2454,2646,3702,1235,1003
97-98,Valvi Girona,12,34,14,20,2917,2983,6817,2882,2917,3034,966,816
97-98,Caja San Fernando,13,34,13,21,2677,2757,6864,2570,2677,3692,1126,984
97-98,Caja Cantabria,14,34,12,22,2720,2821,6842,2607,2720,3559,1184,903
97-98,C\xe1ceres C.B.,15,34,12,22,2605,2799,6816,2412,2605,3575,1185,1202
97-98,Covir\xe1n Sierra Nevada Granada,16,34,11,23,2715,2823,6791,2623,2715,3607,1087,987
97-98,C.B. Ciudad De Huelva,17,34,9,25,2603,2921,6866,2431,2603,2443,776,592
97-98,Ourense Xacobeo 99,18,34,8,26,2578,2827,6866,2362,2578,2916,751,525
06-07,TAU Cer\xe1mica,1,34,26,8,2858,2547,6793,3053,2858,409,97,100
06-07,Real Madrid,2,34,25,9,2836,2532,6818,3058,2836,2308,870,1101
06-07,DKV Joventut,3,34,23,11,2736,2575,6816,2784,2736,2588,1012,1093
06-07,Winterthur F.C. Barcelona,4,34,23,11,2656,2434,6820,2897,2656,3215,1301,1573
06-07,Akasvayu Girona,5,34,21,13,2739,2638,6818,2847,2739,2165,863,1158
06-07,Gran Canaria Grupo Dunas,6,34,21,13,2648,2591,6895,2644,2648,1833,540,715
06-07,Pamesa Valencia,7,34,19,15,2573,2553,6816,2458,2573,1624,507,491
06-07,Unicaja,8,34,17,17,2578,2438,6817,2679,2578,2901,1135,1263
06-07,MMT Estudiantes,9,34,16,18,2635,2744,6843,2586,2635,3039,980,1061
06-07,Lagun Aro Bilbao Basket,10,34,15,19,2516,2610,6819,2364,2516,2231,765,664
06-07,C.B. Granada,11,34,15,19,2648,2726,6868,2644,2648,2313,767,743
06-07,Alta Gesti\xf3n Fuenlabrada,12,34,14,20,2508,2583,6842,2582,2508,4660,1711,1774
06-07,Caja San Fernando,13,34,14,20,2629,2804,6843,2447,2629,1796,600,524
06-07,Polaris World CB Murcia,14,34,13,21,2506,2620,6791,2412,2506,1863,603,629
06-07,ViveMenorca,15,34,12,22,2542,2705,6842,2439,2542,1841,591,576
06-07,Grupo Capitol Valladolid,16,34,12,22,2555,2678,6816,2488,2555,2438,746,721
06-07,Etosa Alicante,17,34,12,22,2469,2678,6795,2214,2469,1676,465,553
06-07,Bruesa GBC,18,34,8,26,2477,2653,6817,2256,2477,3422,1124,905
96-97,Real Madrid Teka,1,34,29,5,2918,2582,6843,3178,2918,4091,1458,1398
96-97,F.C. Barcelona Banca Catalana,2,34,27,7,2962,2643,6842,3244,2962,4082,1608,1713
96-97,Estudiantes Argentaria,3,34,21,13,2804,2726,6842,2928,2804,3875,1332,1435
96-97,Festina Joventut,4,34,21,13,2864,2703,6867,2857,2864,2894,947,807
96-97,Taugr\xe9s,5,34,20,14,2831,2710,6818,2889,2831,3119,964,801
96-97,Le\xf3n Caja Espa\xf1a,6,34,20,14,2819,2824,6819,2709,2819,3621,1264,1099
96-97,Unicaja,7,34,19,15,2699,2611,6868,2556,2699,3860,1289,1212
96-97,Tdk Manresa,8,34,19,15,2666,2538,6869,2766,2666,3674,1391,1318
96-97,Caja San Fernando,9,34,19,15,2724,2693,6792,2726,2724,2877,991,882
96-97,C\xe1ceres C.B.,10,34,18,16,2812,2759,6841,2855,2812,3359,1174,1042
96-97,Pamesa Valencia,11,34,17,17,2763,2797,6817,2793,2763,2450,730,697
96-97,C.B. Gran Canaria,12,34,17,17,2748,2717,6868,2735,2748,2620,710,533
96-97,Covir\xe1n Granada,13,34,14,20,2881,2961,6820,2925,2881,3198,836,666
96-97,Valvi Girona,14,34,14,20,2521,2685,6844,2421,2521,3496,1101,794
96-97,F\xf3rum Valladolid,15,34,12,22,2738,2875,6791,2618,2738,2744,861,674
96-97,Xacobeo 99 Ourense,16,34,10,24,2568,2774,6819,2304,2568,2733,792,604
96-97,C.B. Murcia Artel,17,34,5,29,2588,2913,6790,2335,2588,2886,786,631
96-97,Baloncesto Fuenlabrada,18,34,4,30,2527,2922,6817,2211,2527,3309,957,787
